name,city
Rahul,College Station
Rupali,College Station
Raju,College Station
Anvesh,College Station
Sarthak,College Station
Anvesha,College Station
Sahil,College Station
Amreek,College Station
Rhitanshu,College Station
Chunder Viswan,College Station
Vakpati Thakur,College Station
Shackcham Sabanis,College Station
Prashant Sarkar,College Station
Manas Holkar,College Station
Om Gulati,College Station
Ashutosh Dayal,College Station
Vinay Padagavakar,Hyderabad
Chhotu Tamhanakar,Hyderabad