dex_number,name,image
1,Bulbasaur,//cdn.bulbagarden.net/upload/e/ec/001MS.png
2,Ivysaur,//cdn.bulbagarden.net/upload/6/6b/002MS.png
3,Venusaur,//cdn.bulbagarden.net/upload/d/df/003MS.png
4,Charmander,//cdn.bulbagarden.net/upload/b/bb/004MS.png
5,Charmeleon,//cdn.bulbagarden.net/upload/d/dc/005MS.png
6,Charizard,//cdn.bulbagarden.net/upload/0/01/006MS.png
7,Squirtle,//cdn.bulbagarden.net/upload/9/92/007MS.png
8,Wartortle,//cdn.bulbagarden.net/upload/f/f3/008MS.png
9,Blastoise,//cdn.bulbagarden.net/upload/c/cb/009MS.png
10,Caterpie,//cdn.bulbagarden.net/upload/6/69/010MS.png
11,Metapod,//cdn.bulbagarden.net/upload/c/ce/011MS.png
12,Butterfree,//cdn.bulbagarden.net/upload/1/14/012MS.png
13,Weedle,//cdn.bulbagarden.net/upload/6/65/013MS.png
14,Kakuna,//cdn.bulbagarden.net/upload/8/81/014MS.png
15,Beedrill,//cdn.bulbagarden.net/upload/5/5a/015MS.png
16,Pidgey,//cdn.bulbagarden.net/upload/9/9c/016MS.png
17,Pidgeotto,//cdn.bulbagarden.net/upload/a/a9/017MS.png
18,Pidgeot,//cdn.bulbagarden.net/upload/6/68/018MS.png
19,Rattata,//cdn.bulbagarden.net/upload/4/4d/019MS.png
20,Raticate,//cdn.bulbagarden.net/upload/4/4d/020MS.png
21,Spearow,//cdn.bulbagarden.net/upload/5/5b/021MS.png
22,Fearow,//cdn.bulbagarden.net/upload/3/35/022MS.png
23,Ekans,//cdn.bulbagarden.net/upload/0/0d/023MS.png
24,Arbok,//cdn.bulbagarden.net/upload/d/d3/024MS.png
25,Pikachu,//cdn.bulbagarden.net/upload/0/0f/025MS.png
26,Raichu,//cdn.bulbagarden.net/upload/d/da/026MS.png
27,Sandshrew,//cdn.bulbagarden.net/upload/c/c3/027MS.png
28,Sandslash,//cdn.bulbagarden.net/upload/e/e0/028MS.png
29,Nidoran?,//cdn.bulbagarden.net/upload/a/ab/029MS.png
30,Nidorina,//cdn.bulbagarden.net/upload/d/d0/030MS.png
31,Nidoqueen,//cdn.bulbagarden.net/upload/3/31/031MS.png
32,Nidoran?,//cdn.bulbagarden.net/upload/f/fb/032MS.png
33,Nidorino,//cdn.bulbagarden.net/upload/0/0e/033MS.png
34,Nidoking,//cdn.bulbagarden.net/upload/1/18/034MS.png
35,Clefairy,//cdn.bulbagarden.net/upload/f/f9/035MS.png
36,Clefable,//cdn.bulbagarden.net/upload/7/75/036MS.png
37,Vulpix,//cdn.bulbagarden.net/upload/8/85/037MS.png
38,Ninetales,//cdn.bulbagarden.net/upload/1/10/038MS.png
39,Jigglypuff,//cdn.bulbagarden.net/upload/9/9c/039MS.png
40,Wigglytuff,//cdn.bulbagarden.net/upload/f/f1/040MS.png
41,Zubat,//cdn.bulbagarden.net/upload/9/96/041MS.png
42,Golbat,//cdn.bulbagarden.net/upload/d/d0/042MS.png
43,Oddish,//cdn.bulbagarden.net/upload/a/a5/043MS.png
44,Gloom,//cdn.bulbagarden.net/upload/d/d9/044MS.png
45,Vileplume,//cdn.bulbagarden.net/upload/3/3e/045MS.png
46,Paras,//cdn.bulbagarden.net/upload/7/7a/046MS.png
47,Parasect,//cdn.bulbagarden.net/upload/4/41/047MS.png
48,Venonat,//cdn.bulbagarden.net/upload/1/1e/048MS.png
49,Venomoth,//cdn.bulbagarden.net/upload/3/31/049MS.png
50,Diglett,//cdn.bulbagarden.net/upload/8/8b/050MS.png
51,Dugtrio,//cdn.bulbagarden.net/upload/8/86/051MS.png
52,Meowth,//cdn.bulbagarden.net/upload/5/50/052MS.png
53,Persian,//cdn.bulbagarden.net/upload/a/a7/053MS.png
54,Psyduck,//cdn.bulbagarden.net/upload/6/6b/054MS.png
55,Golduck,//cdn.bulbagarden.net/upload/6/64/055MS.png
56,Mankey,//cdn.bulbagarden.net/upload/a/ad/056MS.png
57,Primeape,//cdn.bulbagarden.net/upload/f/f1/057MS.png
58,Growlithe,//cdn.bulbagarden.net/upload/6/69/058MS.png
59,Arcanine,//cdn.bulbagarden.net/upload/3/35/059MS.png
60,Poliwag,//cdn.bulbagarden.net/upload/1/17/060MS.png
61,Poliwhirl,//cdn.bulbagarden.net/upload/3/36/061MS.png
62,Poliwrath,//cdn.bulbagarden.net/upload/5/5e/062MS.png
63,Abra,//cdn.bulbagarden.net/upload/c/cf/063MS.png
64,Kadabra,//cdn.bulbagarden.net/upload/b/b6/064MS.png
65,Alakazam,//cdn.bulbagarden.net/upload/c/ca/065MS.png
66,Machop,//cdn.bulbagarden.net/upload/6/6c/066MS.png
67,Machoke,//cdn.bulbagarden.net/upload/0/0f/067MS.png
68,Machamp,//cdn.bulbagarden.net/upload/1/1e/068MS.png
69,Bellsprout,//cdn.bulbagarden.net/upload/7/7b/069MS.png
70,Weepinbell,//cdn.bulbagarden.net/upload/d/d5/070MS.png
71,Victreebel,//cdn.bulbagarden.net/upload/9/9b/071MS.png
72,Tentacool,//cdn.bulbagarden.net/upload/4/42/072MS.png
73,Tentacruel,//cdn.bulbagarden.net/upload/f/fc/073MS.png
74,Geodude,//cdn.bulbagarden.net/upload/0/04/074MS.png
75,Graveler,//cdn.bulbagarden.net/upload/5/5c/075MS.png
76,Golem,//cdn.bulbagarden.net/upload/3/34/076MS.png
77,Ponyta,//cdn.bulbagarden.net/upload/5/55/077MS.png
78,Rapidash,//cdn.bulbagarden.net/upload/6/66/078MS.png
79,Slowpoke,//cdn.bulbagarden.net/upload/6/6a/079MS.png
80,Slowbro,//cdn.bulbagarden.net/upload/b/b6/080MS.png
81,Magnemite,//cdn.bulbagarden.net/upload/0/0f/081MS.png
82,Magneton,//cdn.bulbagarden.net/upload/0/0c/082MS.png
83,Farfetch'd,//cdn.bulbagarden.net/upload/5/57/083MS.png
84,Doduo,//cdn.bulbagarden.net/upload/f/fc/084MS.png
85,Dodrio,//cdn.bulbagarden.net/upload/1/19/085MS.png
86,Seel,//cdn.bulbagarden.net/upload/9/9b/086MS.png
87,Dewgong,//cdn.bulbagarden.net/upload/2/20/087MS.png
88,Grimer,//cdn.bulbagarden.net/upload/5/50/088MS.png
89,Muk,//cdn.bulbagarden.net/upload/b/b4/089MS.png
90,Shellder,//cdn.bulbagarden.net/upload/4/41/090MS.png
91,Cloyster,//cdn.bulbagarden.net/upload/b/bc/091MS.png
92,Gastly,//cdn.bulbagarden.net/upload/c/cf/092MS.png
93,Haunter,//cdn.bulbagarden.net/upload/7/71/093MS.png
94,Gengar,//cdn.bulbagarden.net/upload/a/a4/094MS.png
95,Onix,//cdn.bulbagarden.net/upload/c/cd/095MS.png
96,Drowzee,//cdn.bulbagarden.net/upload/8/8e/096MS.png
97,Hypno,//cdn.bulbagarden.net/upload/9/98/097MS.png
98,Krabby,//cdn.bulbagarden.net/upload/4/40/098MS.png
99,Kingler,//cdn.bulbagarden.net/upload/5/5c/099MS.png
100,Voltorb,//cdn.bulbagarden.net/upload/c/c1/100MS.png
101,Electrode,//cdn.bulbagarden.net/upload/6/69/101MS.png
102,Exeggcute,//cdn.bulbagarden.net/upload/a/a6/102MS.png
103,Exeggutor,//cdn.bulbagarden.net/upload/d/db/103MS.png
104,Cubone,//cdn.bulbagarden.net/upload/2/2e/104MS.png
105,Marowak,//cdn.bulbagarden.net/upload/6/6f/105MS.png
106,Hitmonlee,//cdn.bulbagarden.net/upload/6/60/106MS.png
107,Hitmonchan,//cdn.bulbagarden.net/upload/1/1a/107MS.png
108,Lickitung,//cdn.bulbagarden.net/upload/2/25/108MS.png
109,Koffing,//cdn.bulbagarden.net/upload/3/3f/109MS.png
110,Weezing,//cdn.bulbagarden.net/upload/2/22/110MS.png
111,Rhyhorn,//cdn.bulbagarden.net/upload/6/67/111MS.png
112,Rhydon,//cdn.bulbagarden.net/upload/c/ce/112MS.png
113,Chansey,//cdn.bulbagarden.net/upload/e/ea/113MS.png
114,Tangela,//cdn.bulbagarden.net/upload/4/45/114MS.png
115,Kangaskhan,//cdn.bulbagarden.net/upload/6/68/115MS.png
116,Horsea,//cdn.bulbagarden.net/upload/2/23/116MS.png
117,Seadra,//cdn.bulbagarden.net/upload/8/81/117MS.png
118,Goldeen,//cdn.bulbagarden.net/upload/9/9b/118MS.png
119,Seaking,//cdn.bulbagarden.net/upload/8/88/119MS.png
120,Staryu,//cdn.bulbagarden.net/upload/6/60/120MS.png
121,Starmie,//cdn.bulbagarden.net/upload/5/55/121MS.png
122,Mr. Mime,//cdn.bulbagarden.net/upload/5/58/122MS.png
123,Scyther,//cdn.bulbagarden.net/upload/5/54/123MS.png
124,Jynx,//cdn.bulbagarden.net/upload/f/f5/124MS.png
125,Electabuzz,//cdn.bulbagarden.net/upload/7/72/125MS.png
126,Magmar,//cdn.bulbagarden.net/upload/e/e7/126MS.png
127,Pinsir,//cdn.bulbagarden.net/upload/5/5c/127MS.png
128,Tauros,//cdn.bulbagarden.net/upload/9/95/128MS.png
129,Magikarp,//cdn.bulbagarden.net/upload/7/7c/129MS.png
130,Gyarados,//cdn.bulbagarden.net/upload/a/a0/130MS.png
131,Lapras,//cdn.bulbagarden.net/upload/4/4b/131MS.png
132,Ditto,//cdn.bulbagarden.net/upload/5/53/132MS.png
133,Eevee,//cdn.bulbagarden.net/upload/d/de/133MS.png
134,Vaporeon,//cdn.bulbagarden.net/upload/b/be/134MS.png
135,Jolteon,//cdn.bulbagarden.net/upload/1/16/135MS.png
136,Flareon,//cdn.bulbagarden.net/upload/3/30/136MS.png
137,Porygon,//cdn.bulbagarden.net/upload/f/f7/137MS.png
138,Omanyte,//cdn.bulbagarden.net/upload/9/97/138MS.png
139,Omastar,//cdn.bulbagarden.net/upload/2/2a/139MS.png
140,Kabuto,//cdn.bulbagarden.net/upload/1/1e/140MS.png
141,Kabutops,//cdn.bulbagarden.net/upload/0/08/141MS.png
142,Aerodactyl,//cdn.bulbagarden.net/upload/d/d1/142MS.png
143,Snorlax,//cdn.bulbagarden.net/upload/d/d6/143MS.png
144,Articuno,//cdn.bulbagarden.net/upload/0/04/144MS.png
145,Zapdos,//cdn.bulbagarden.net/upload/3/3f/145MS.png
146,Moltres,//cdn.bulbagarden.net/upload/f/fe/146MS.png
147,Dratini,//cdn.bulbagarden.net/upload/2/26/147MS.png
148,Dragonair,//cdn.bulbagarden.net/upload/4/4e/148MS.png
149,Dragonite,//cdn.bulbagarden.net/upload/c/cc/149MS.png
150,Mewtwo,//cdn.bulbagarden.net/upload/1/1a/150MS.png
151,Mew,//cdn.bulbagarden.net/upload/a/a7/151MS.png
152,Chikorita,//cdn.bulbagarden.net/upload/7/79/152MS.png
153,Bayleef,//cdn.bulbagarden.net/upload/3/31/153MS.png
154,Meganium,//cdn.bulbagarden.net/upload/8/89/154MS.png
155,Cyndaquil,//cdn.bulbagarden.net/upload/3/39/155MS.png
156,Quilava,//cdn.bulbagarden.net/upload/3/36/156MS.png
157,Typhlosion,//cdn.bulbagarden.net/upload/5/56/157MS.png
158,Totodile,//cdn.bulbagarden.net/upload/f/f5/158MS.png
159,Croconaw,//cdn.bulbagarden.net/upload/e/ea/159MS.png
160,Feraligatr,//cdn.bulbagarden.net/upload/6/6d/160MS.png
161,Sentret,//cdn.bulbagarden.net/upload/5/5c/161MS.png
162,Furret,//cdn.bulbagarden.net/upload/c/c1/162MS.png
163,Hoothoot,//cdn.bulbagarden.net/upload/c/c0/163MS.png
164,Noctowl,//cdn.bulbagarden.net/upload/7/7a/164MS.png
165,Ledyba,//cdn.bulbagarden.net/upload/e/e1/165MS.png
166,Ledian,//cdn.bulbagarden.net/upload/4/44/166MS.png
167,Spinarak,//cdn.bulbagarden.net/upload/0/08/167MS.png
168,Ariados,//cdn.bulbagarden.net/upload/a/ae/168MS.png
169,Crobat,//cdn.bulbagarden.net/upload/9/96/169MS.png
170,Chinchou,//cdn.bulbagarden.net/upload/2/22/170MS.png
171,Lanturn,//cdn.bulbagarden.net/upload/4/43/171MS.png
172,Pichu,//cdn.bulbagarden.net/upload/5/50/172MS.png
173,Cleffa,//cdn.bulbagarden.net/upload/9/90/173MS.png
174,Igglybuff,//cdn.bulbagarden.net/upload/4/44/174MS.png
175,Togepi,//cdn.bulbagarden.net/upload/e/ef/175MS.png
176,Togetic,//cdn.bulbagarden.net/upload/8/82/176MS.png
177,Natu,//cdn.bulbagarden.net/upload/0/07/177MS.png
178,Xatu,//cdn.bulbagarden.net/upload/1/12/178MS.png
179,Mareep,//cdn.bulbagarden.net/upload/7/75/179MS.png
180,Flaaffy,//cdn.bulbagarden.net/upload/2/2a/180MS.png
181,Ampharos,//cdn.bulbagarden.net/upload/9/91/181MS.png
182,Bellossom,//cdn.bulbagarden.net/upload/8/85/182MS.png
183,Marill,//cdn.bulbagarden.net/upload/3/36/183MS.png
184,Azumarill,//cdn.bulbagarden.net/upload/8/89/184MS.png
185,Sudowoodo,//cdn.bulbagarden.net/upload/3/3b/185MS.png
186,Politoed,//cdn.bulbagarden.net/upload/e/e9/186MS.png
187,Hoppip,//cdn.bulbagarden.net/upload/4/43/187MS.png
188,Skiploom,//cdn.bulbagarden.net/upload/8/88/188MS.png
189,Jumpluff,//cdn.bulbagarden.net/upload/b/ba/189MS.png
190,Aipom,//cdn.bulbagarden.net/upload/0/00/190MS.png
191,Sunkern,//cdn.bulbagarden.net/upload/e/e5/191MS.png
192,Sunflora,//cdn.bulbagarden.net/upload/5/5a/192MS.png
193,Yanma,//cdn.bulbagarden.net/upload/9/97/193MS.png
194,Wooper,//cdn.bulbagarden.net/upload/0/0d/194MS.png
195,Quagsire,//cdn.bulbagarden.net/upload/8/8b/195MS.png
196,Espeon,//cdn.bulbagarden.net/upload/a/a7/196MS.png
197,Umbreon,//cdn.bulbagarden.net/upload/7/76/197MS.png
198,Murkrow,//cdn.bulbagarden.net/upload/7/71/198MS.png
199,Slowking,//cdn.bulbagarden.net/upload/8/80/199MS.png
200,Misdreavus,//cdn.bulbagarden.net/upload/8/89/200MS.png
201,Unown,//cdn.bulbagarden.net/upload/a/a4/201MS.png
202,Wobbuffet,//cdn.bulbagarden.net/upload/f/fa/202MS.png
203,Girafarig,//cdn.bulbagarden.net/upload/6/6a/203MS.png
204,Pineco,//cdn.bulbagarden.net/upload/5/52/204MS.png
205,Forretress,//cdn.bulbagarden.net/upload/5/5f/205MS.png
206,Dunsparce,//cdn.bulbagarden.net/upload/b/b0/206MS.png
207,Gligar,//cdn.bulbagarden.net/upload/6/67/207MS.png
208,Steelix,//cdn.bulbagarden.net/upload/b/bf/208MS.png
209,Snubbull,//cdn.bulbagarden.net/upload/6/6c/209MS.png
210,Granbull,//cdn.bulbagarden.net/upload/c/cd/210MS.png
211,Qwilfish,//cdn.bulbagarden.net/upload/9/93/211MS.png
212,Scizor,//cdn.bulbagarden.net/upload/f/f2/212MS.png
213,Shuckle,//cdn.bulbagarden.net/upload/0/0a/213MS.png
214,Heracross,//cdn.bulbagarden.net/upload/4/4c/214MS.png
215,Sneasel,//cdn.bulbagarden.net/upload/6/67/215MS.png
216,Teddiursa,//cdn.bulbagarden.net/upload/5/5e/216MS.png
217,Ursaring,//cdn.bulbagarden.net/upload/5/50/217MS.png
218,Slugma,//cdn.bulbagarden.net/upload/d/dc/218MS.png
219,Magcargo,//cdn.bulbagarden.net/upload/6/6b/219MS.png
220,Swinub,//cdn.bulbagarden.net/upload/1/10/220MS.png
221,Piloswine,//cdn.bulbagarden.net/upload/6/6d/221MS.png
222,Corsola,//cdn.bulbagarden.net/upload/9/97/222MS.png
223,Remoraid,//cdn.bulbagarden.net/upload/4/4f/223MS.png
224,Octillery,//cdn.bulbagarden.net/upload/b/b5/224MS.png
225,Delibird,//cdn.bulbagarden.net/upload/0/0b/225MS.png
226,Mantine,//cdn.bulbagarden.net/upload/1/11/226MS.png
227,Skarmory,//cdn.bulbagarden.net/upload/c/c9/227MS.png
228,Houndour,//cdn.bulbagarden.net/upload/3/3b/228MS.png
229,Houndoom,//cdn.bulbagarden.net/upload/6/6b/229MS.png
230,Kingdra,//cdn.bulbagarden.net/upload/8/8e/230MS.png
231,Phanpy,//cdn.bulbagarden.net/upload/9/90/231MS.png
232,Donphan,//cdn.bulbagarden.net/upload/2/2c/232MS.png
233,Porygon2,//cdn.bulbagarden.net/upload/7/78/233MS.png
234,Stantler,//cdn.bulbagarden.net/upload/4/40/234MS.png
235,Smeargle,//cdn.bulbagarden.net/upload/7/7c/235MS.png
236,Tyrogue,//cdn.bulbagarden.net/upload/e/ed/236MS.png
237,Hitmontop,//cdn.bulbagarden.net/upload/e/ed/237MS.png
238,Smoochum,//cdn.bulbagarden.net/upload/0/00/238MS.png
239,Elekid,//cdn.bulbagarden.net/upload/b/b5/239MS.png
240,Magby,//cdn.bulbagarden.net/upload/e/e4/240MS.png
241,Miltank,//cdn.bulbagarden.net/upload/c/ce/241MS.png
242,Blissey,//cdn.bulbagarden.net/upload/f/f8/242MS.png
243,Raikou,//cdn.bulbagarden.net/upload/8/80/243MS.png
244,Entei,//cdn.bulbagarden.net/upload/4/4e/244MS.png
245,Suicune,//cdn.bulbagarden.net/upload/e/ea/245MS.png
246,Larvitar,//cdn.bulbagarden.net/upload/8/85/246MS.png
247,Pupitar,//cdn.bulbagarden.net/upload/f/f9/247MS.png
248,Tyranitar,//cdn.bulbagarden.net/upload/0/0f/248MS.png
249,Lugia,//cdn.bulbagarden.net/upload/c/c8/249MS.png
250,Ho-Oh,//cdn.bulbagarden.net/upload/e/ee/250MS.png
251,Celebi,//cdn.bulbagarden.net/upload/5/5a/251MS.png
252,Treecko,//cdn.bulbagarden.net/upload/c/cf/252MS.png
253,Grovyle,//cdn.bulbagarden.net/upload/a/a5/253MS.png
254,Sceptile,//cdn.bulbagarden.net/upload/f/ff/254MS.png
255,Torchic,//cdn.bulbagarden.net/upload/d/d5/255MS.png
256,Combusken,//cdn.bulbagarden.net/upload/4/4d/256MS.png
257,Blaziken,//cdn.bulbagarden.net/upload/3/3e/257MS.png
258,Mudkip,//cdn.bulbagarden.net/upload/1/19/258MS.png
259,Marshtomp,//cdn.bulbagarden.net/upload/2/21/259MS.png
260,Swampert,//cdn.bulbagarden.net/upload/a/a6/260MS.png
261,Poochyena,//cdn.bulbagarden.net/upload/5/5c/261MS.png
262,Mightyena,//cdn.bulbagarden.net/upload/4/4d/262MS.png
263,Zigzagoon,//cdn.bulbagarden.net/upload/a/a5/263MS.png
264,Linoone,//cdn.bulbagarden.net/upload/7/71/264MS.png
265,Wurmple,//cdn.bulbagarden.net/upload/7/78/265MS.png
266,Silcoon,//cdn.bulbagarden.net/upload/4/41/266MS.png
267,Beautifly,//cdn.bulbagarden.net/upload/e/e9/267MS.png
268,Cascoon,//cdn.bulbagarden.net/upload/6/64/268MS.png
269,Dustox,//cdn.bulbagarden.net/upload/a/ad/269MS.png
270,Lotad,//cdn.bulbagarden.net/upload/1/12/270MS.png
271,Lombre,//cdn.bulbagarden.net/upload/e/e1/271MS.png
272,Ludicolo,//cdn.bulbagarden.net/upload/a/a0/272MS.png
273,Seedot,//cdn.bulbagarden.net/upload/c/cb/273MS.png
274,Nuzleaf,//cdn.bulbagarden.net/upload/c/c6/274MS.png
275,Shiftry,//cdn.bulbagarden.net/upload/3/34/275MS.png
276,Taillow,//cdn.bulbagarden.net/upload/f/f3/276MS.png
277,Swellow,//cdn.bulbagarden.net/upload/1/1a/277MS.png
278,Wingull,//cdn.bulbagarden.net/upload/b/b4/278MS.png
279,Pelipper,//cdn.bulbagarden.net/upload/9/96/279MS.png
280,Ralts,//cdn.bulbagarden.net/upload/3/32/280MS.png
281,Kirlia,//cdn.bulbagarden.net/upload/7/77/281MS.png
282,Gardevoir,//cdn.bulbagarden.net/upload/4/4a/282MS.png
283,Surskit,//cdn.bulbagarden.net/upload/1/1f/283MS.png
284,Masquerain,//cdn.bulbagarden.net/upload/a/af/284MS.png
285,Shroomish,//cdn.bulbagarden.net/upload/8/8e/285MS.png
286,Breloom,//cdn.bulbagarden.net/upload/e/ed/286MS.png
287,Slakoth,//cdn.bulbagarden.net/upload/6/62/287MS.png
288,Vigoroth,//cdn.bulbagarden.net/upload/3/38/288MS.png
289,Slaking,//cdn.bulbagarden.net/upload/0/0d/289MS.png
290,Nincada,//cdn.bulbagarden.net/upload/9/9f/290MS.png
291,Ninjask,//cdn.bulbagarden.net/upload/5/54/291MS.png
292,Shedinja,//cdn.bulbagarden.net/upload/3/30/292MS.png
293,Whismur,//cdn.bulbagarden.net/upload/5/54/293MS.png
294,Loudred,//cdn.bulbagarden.net/upload/7/73/294MS.png
295,Exploud,//cdn.bulbagarden.net/upload/c/c2/295MS.png
296,Makuhita,//cdn.bulbagarden.net/upload/7/7e/296MS.png
297,Hariyama,//cdn.bulbagarden.net/upload/d/dd/297MS.png
298,Azurill,//cdn.bulbagarden.net/upload/5/52/298MS.png
299,Nosepass,//cdn.bulbagarden.net/upload/a/a6/299MS.png
300,Skitty,//cdn.bulbagarden.net/upload/e/e4/300MS.png
301,Delcatty,//cdn.bulbagarden.net/upload/0/0a/301MS.png
302,Sableye,//cdn.bulbagarden.net/upload/6/60/302MS.png
303,Mawile,//cdn.bulbagarden.net/upload/5/53/303MS.png
304,Aron,//cdn.bulbagarden.net/upload/c/c5/304MS.png
305,Lairon,//cdn.bulbagarden.net/upload/3/3e/305MS.png
306,Aggron,//cdn.bulbagarden.net/upload/d/d5/306MS.png
307,Meditite,//cdn.bulbagarden.net/upload/6/67/307MS.png
308,Medicham,//cdn.bulbagarden.net/upload/0/0b/308MS.png
309,Electrike,//cdn.bulbagarden.net/upload/6/62/309MS.png
310,Manectric,//cdn.bulbagarden.net/upload/0/04/310MS.png
311,Plusle,//cdn.bulbagarden.net/upload/e/e7/311MS.png
312,Minun,//cdn.bulbagarden.net/upload/9/94/312MS.png
313,Volbeat,//cdn.bulbagarden.net/upload/b/bd/313MS.png
314,Illumise,//cdn.bulbagarden.net/upload/4/41/314MS.png
315,Roselia,//cdn.bulbagarden.net/upload/b/bf/315MS.png
316,Gulpin,//cdn.bulbagarden.net/upload/0/03/316MS.png
317,Swalot,//cdn.bulbagarden.net/upload/a/a3/317MS.png
318,Carvanha,//cdn.bulbagarden.net/upload/c/ca/318MS.png
319,Sharpedo,//cdn.bulbagarden.net/upload/e/e2/319MS.png
320,Wailmer,//cdn.bulbagarden.net/upload/5/55/320MS.png
321,Wailord,//cdn.bulbagarden.net/upload/e/ec/321MS.png
322,Numel,//cdn.bulbagarden.net/upload/5/5c/322MS.png
323,Camerupt,//cdn.bulbagarden.net/upload/6/6f/323MS.png
324,Torkoal,//cdn.bulbagarden.net/upload/3/39/324MS.png
325,Spoink,//cdn.bulbagarden.net/upload/a/a7/325MS.png
326,Grumpig,//cdn.bulbagarden.net/upload/b/b8/326MS.png
327,Spinda,//cdn.bulbagarden.net/upload/c/c2/327MS.png
328,Trapinch,//cdn.bulbagarden.net/upload/f/f8/328MS.png
329,Vibrava,//cdn.bulbagarden.net/upload/6/6c/329MS.png
330,Flygon,//cdn.bulbagarden.net/upload/e/eb/330MS.png
331,Cacnea,//cdn.bulbagarden.net/upload/3/3a/331MS.png
332,Cacturne,//cdn.bulbagarden.net/upload/9/95/332MS.png
333,Swablu,//cdn.bulbagarden.net/upload/6/61/333MS.png
334,Altaria,//cdn.bulbagarden.net/upload/a/a2/334MS.png
335,Zangoose,//cdn.bulbagarden.net/upload/2/2c/335MS.png
336,Seviper,//cdn.bulbagarden.net/upload/b/b4/336MS.png
337,Lunatone,//cdn.bulbagarden.net/upload/d/d5/337MS.png
338,Solrock,//cdn.bulbagarden.net/upload/1/1e/338MS.png
339,Barboach,//cdn.bulbagarden.net/upload/9/9c/339MS.png
340,Whiscash,//cdn.bulbagarden.net/upload/7/76/340MS.png
341,Corphish,//cdn.bulbagarden.net/upload/5/5a/341MS.png
342,Crawdaunt,//cdn.bulbagarden.net/upload/e/e4/342MS.png
343,Baltoy,//cdn.bulbagarden.net/upload/6/6e/343MS.png
344,Claydol,//cdn.bulbagarden.net/upload/7/75/344MS.png
345,Lileep,//cdn.bulbagarden.net/upload/8/88/345MS.png
346,Cradily,//cdn.bulbagarden.net/upload/1/16/346MS.png
347,Anorith,//cdn.bulbagarden.net/upload/b/b2/347MS.png
348,Armaldo,//cdn.bulbagarden.net/upload/6/69/348MS.png
349,Feebas,//cdn.bulbagarden.net/upload/7/7d/349MS.png
350,Milotic,//cdn.bulbagarden.net/upload/5/5a/350MS.png
351,Castform,//cdn.bulbagarden.net/upload/f/fc/351MS.png
352,Kecleon,//cdn.bulbagarden.net/upload/3/39/352MS.png
353,Shuppet,//cdn.bulbagarden.net/upload/f/fd/353MS.png
354,Banette,//cdn.bulbagarden.net/upload/c/c8/354MS.png
355,Duskull,//cdn.bulbagarden.net/upload/2/2d/355MS.png
356,Dusclops,//cdn.bulbagarden.net/upload/c/cd/356MS.png
357,Tropius,//cdn.bulbagarden.net/upload/0/0b/357MS.png
358,Chimecho,//cdn.bulbagarden.net/upload/7/78/358MS.png
359,Absol,//cdn.bulbagarden.net/upload/7/7c/359MS.png
360,Wynaut,//cdn.bulbagarden.net/upload/4/44/360MS.png
361,Snorunt,//cdn.bulbagarden.net/upload/6/66/361MS.png
362,Glalie,//cdn.bulbagarden.net/upload/d/d0/362MS.png
363,Spheal,//cdn.bulbagarden.net/upload/4/43/363MS.png
364,Sealeo,//cdn.bulbagarden.net/upload/9/92/364MS.png
365,Walrein,//cdn.bulbagarden.net/upload/6/66/365MS.png
366,Clamperl,//cdn.bulbagarden.net/upload/b/bb/366MS.png
367,Huntail,//cdn.bulbagarden.net/upload/2/2e/367MS.png
368,Gorebyss,//cdn.bulbagarden.net/upload/d/dc/368MS.png
369,Relicanth,//cdn.bulbagarden.net/upload/6/6a/369MS.png
370,Luvdisc,//cdn.bulbagarden.net/upload/d/d1/370MS.png
371,Bagon,//cdn.bulbagarden.net/upload/f/fe/371MS.png
372,Shelgon,//cdn.bulbagarden.net/upload/2/25/372MS.png
373,Salamence,//cdn.bulbagarden.net/upload/8/8c/373MS.png
374,Beldum,//cdn.bulbagarden.net/upload/c/c8/374MS.png
375,Metang,//cdn.bulbagarden.net/upload/2/22/375MS.png
376,Metagross,//cdn.bulbagarden.net/upload/2/2d/376MS.png
377,Regirock,//cdn.bulbagarden.net/upload/6/6c/377MS.png
378,Regice,//cdn.bulbagarden.net/upload/9/99/378MS.png
379,Registeel,//cdn.bulbagarden.net/upload/2/2e/379MS.png
380,Latias,//cdn.bulbagarden.net/upload/8/84/380MS.png
381,Latios,//cdn.bulbagarden.net/upload/a/a4/381MS.png
382,Kyogre,//cdn.bulbagarden.net/upload/1/11/382MS.png
383,Groudon,//cdn.bulbagarden.net/upload/b/bc/383MS.png
384,Rayquaza,//cdn.bulbagarden.net/upload/9/90/384MS.png
385,Jirachi,//cdn.bulbagarden.net/upload/9/9e/385MS.png
386,Deoxys,//cdn.bulbagarden.net/upload/8/86/386MS.png
387,Turtwig,//cdn.bulbagarden.net/upload/2/27/387MS.png
388,Grotle,//cdn.bulbagarden.net/upload/4/40/388MS.png
389,Torterra,//cdn.bulbagarden.net/upload/1/1f/389MS.png
390,Chimchar,//cdn.bulbagarden.net/upload/9/93/390MS.png
391,Monferno,//cdn.bulbagarden.net/upload/7/70/391MS.png
392,Infernape,//cdn.bulbagarden.net/upload/f/f5/392MS.png
393,Piplup,//cdn.bulbagarden.net/upload/8/85/393MS.png
394,Prinplup,//cdn.bulbagarden.net/upload/a/a3/394MS.png
395,Empoleon,//cdn.bulbagarden.net/upload/f/ff/395MS.png
396,Starly,//cdn.bulbagarden.net/upload/1/16/396MS.png
397,Staravia,//cdn.bulbagarden.net/upload/e/e2/397MS.png
398,Staraptor,//cdn.bulbagarden.net/upload/5/5f/398MS.png
399,Bidoof,//cdn.bulbagarden.net/upload/b/bc/399MS.png
400,Bibarel,//cdn.bulbagarden.net/upload/b/b1/400MS.png
401,Kricketot,//cdn.bulbagarden.net/upload/f/f9/401MS.png
402,Kricketune,//cdn.bulbagarden.net/upload/1/18/402MS.png
403,Shinx,//cdn.bulbagarden.net/upload/a/a0/403MS.png
404,Luxio,//cdn.bulbagarden.net/upload/e/e3/404MS.png
405,Luxray,//cdn.bulbagarden.net/upload/8/8a/405MS.png
406,Budew,//cdn.bulbagarden.net/upload/e/ef/406MS.png
407,Roserade,//cdn.bulbagarden.net/upload/f/fe/407MS.png
408,Cranidos,//cdn.bulbagarden.net/upload/9/98/408MS.png
409,Rampardos,//cdn.bulbagarden.net/upload/9/91/409MS.png
410,Shieldon,//cdn.bulbagarden.net/upload/9/9e/410MS.png
411,Bastiodon,//cdn.bulbagarden.net/upload/e/ef/411MS.png
412,Burmy,//cdn.bulbagarden.net/upload/8/87/412MS.png
413,Wormadam,//cdn.bulbagarden.net/upload/f/fa/413MS.png
414,Mothim,//cdn.bulbagarden.net/upload/8/8e/414MS.png
415,Combee,//cdn.bulbagarden.net/upload/e/ee/415MS.png
416,Vespiquen,//cdn.bulbagarden.net/upload/d/dd/416MS.png
417,Pachirisu,//cdn.bulbagarden.net/upload/1/14/417MS.png
418,Buizel,//cdn.bulbagarden.net/upload/7/7c/418MS.png
419,Floatzel,//cdn.bulbagarden.net/upload/6/6c/419MS.png
420,Cherubi,//cdn.bulbagarden.net/upload/5/5d/420MS.png
421,Cherrim,//cdn.bulbagarden.net/upload/6/65/421MS.png
422,Shellos,//cdn.bulbagarden.net/upload/f/f1/422MS.png
423,Gastrodon,//cdn.bulbagarden.net/upload/4/44/423MS.png
424,Ambipom,//cdn.bulbagarden.net/upload/5/5b/424MS.png
425,Drifloon,//cdn.bulbagarden.net/upload/0/03/425MS.png
426,Drifblim,//cdn.bulbagarden.net/upload/4/45/426MS.png
427,Buneary,//cdn.bulbagarden.net/upload/4/42/427MS.png
428,Lopunny,//cdn.bulbagarden.net/upload/3/33/428MS.png
429,Mismagius,//cdn.bulbagarden.net/upload/4/47/429MS.png
430,Honchkrow,//cdn.bulbagarden.net/upload/c/c0/430MS.png
431,Glameow,//cdn.bulbagarden.net/upload/f/f1/431MS.png
432,Purugly,//cdn.bulbagarden.net/upload/3/3f/432MS.png
433,Chingling,//cdn.bulbagarden.net/upload/7/72/433MS.png
434,Stunky,//cdn.bulbagarden.net/upload/f/f9/434MS.png
435,Skuntank,//cdn.bulbagarden.net/upload/8/8a/435MS.png
436,Bronzor,//cdn.bulbagarden.net/upload/6/63/436MS.png
437,Bronzong,//cdn.bulbagarden.net/upload/0/0c/437MS.png
438,Bonsly,//cdn.bulbagarden.net/upload/7/7a/438MS.png
439,Mime Jr.,//cdn.bulbagarden.net/upload/4/4d/439MS.png
440,Happiny,//cdn.bulbagarden.net/upload/8/8e/440MS.png
441,Chatot,//cdn.bulbagarden.net/upload/d/db/441MS.png
442,Spiritomb,//cdn.bulbagarden.net/upload/e/e0/442MS.png
443,Gible,//cdn.bulbagarden.net/upload/7/7c/443MS.png
444,Gabite,//cdn.bulbagarden.net/upload/6/69/444MS.png
445,Garchomp,//cdn.bulbagarden.net/upload/6/63/445MS.png
446,Munchlax,//cdn.bulbagarden.net/upload/0/06/446MS.png
447,Riolu,//cdn.bulbagarden.net/upload/0/0a/447MS.png
448,Lucario,//cdn.bulbagarden.net/upload/b/be/448MS.png
449,Hippopotas,//cdn.bulbagarden.net/upload/5/58/449MS.png
450,Hippowdon,//cdn.bulbagarden.net/upload/5/57/450MS.png
451,Skorupi,//cdn.bulbagarden.net/upload/0/02/451MS.png
452,Drapion,//cdn.bulbagarden.net/upload/9/96/452MS.png
453,Croagunk,//cdn.bulbagarden.net/upload/2/2c/453MS.png
454,Toxicroak,//cdn.bulbagarden.net/upload/f/f9/454MS.png
455,Carnivine,//cdn.bulbagarden.net/upload/d/d1/455MS.png
456,Finneon,//cdn.bulbagarden.net/upload/7/73/456MS.png
457,Lumineon,//cdn.bulbagarden.net/upload/2/2b/457MS.png
458,Mantyke,//cdn.bulbagarden.net/upload/8/80/458MS.png
459,Snover,//cdn.bulbagarden.net/upload/0/06/459MS.png
460,Abomasnow,//cdn.bulbagarden.net/upload/f/fc/460MS.png
461,Weavile,//cdn.bulbagarden.net/upload/9/96/461MS.png
462,Magnezone,//cdn.bulbagarden.net/upload/2/26/462MS.png
463,Lickilicky,//cdn.bulbagarden.net/upload/9/9b/463MS.png
464,Rhyperior,//cdn.bulbagarden.net/upload/e/e9/464MS.png
465,Tangrowth,//cdn.bulbagarden.net/upload/a/aa/465MS.png
466,Electivire,//cdn.bulbagarden.net/upload/5/53/466MS.png
467,Magmortar,//cdn.bulbagarden.net/upload/4/4e/467MS.png
468,Togekiss,//cdn.bulbagarden.net/upload/6/63/468MS.png
469,Yanmega,//cdn.bulbagarden.net/upload/a/aa/469MS.png
470,Leafeon,//cdn.bulbagarden.net/upload/1/12/470MS.png
471,Glaceon,//cdn.bulbagarden.net/upload/b/bb/471MS.png
472,Gliscor,//cdn.bulbagarden.net/upload/a/ad/472MS.png
473,Mamoswine,//cdn.bulbagarden.net/upload/1/12/473MS.png
474,Porygon-Z,//cdn.bulbagarden.net/upload/6/65/474MS.png
475,Gallade,//cdn.bulbagarden.net/upload/8/85/475MS.png
476,Probopass,//cdn.bulbagarden.net/upload/a/aa/476MS.png
477,Dusknoir,//cdn.bulbagarden.net/upload/7/71/477MS.png
478,Froslass,//cdn.bulbagarden.net/upload/8/8f/478MS.png
479,Rotom,//cdn.bulbagarden.net/upload/1/14/479MS.png
480,Uxie,//cdn.bulbagarden.net/upload/0/0e/480MS.png
481,Mesprit,//cdn.bulbagarden.net/upload/c/c7/481MS.png
482,Azelf,//cdn.bulbagarden.net/upload/0/01/482MS.png
483,Dialga,//cdn.bulbagarden.net/upload/c/ca/483MS.png
484,Palkia,//cdn.bulbagarden.net/upload/2/24/484MS.png
485,Heatran,//cdn.bulbagarden.net/upload/c/cf/485MS.png
486,Regigigas,//cdn.bulbagarden.net/upload/8/8e/486MS.png
487,Giratina,//cdn.bulbagarden.net/upload/e/e8/487MS.png
488,Cresselia,//cdn.bulbagarden.net/upload/5/51/488MS.png
489,Phione,//cdn.bulbagarden.net/upload/c/ce/489MS.png
490,Manaphy,//cdn.bulbagarden.net/upload/0/01/490MS.png
491,Darkrai,//cdn.bulbagarden.net/upload/a/a7/491MS.png
492,Shaymin,//cdn.bulbagarden.net/upload/a/a6/492MS.png
493,Arceus,//cdn.bulbagarden.net/upload/9/94/493MS.png
494,Victini,//cdn.bulbagarden.net/upload/0/0c/494MS.png
495,Snivy,//cdn.bulbagarden.net/upload/2/23/495MS.png
496,Servine,//cdn.bulbagarden.net/upload/8/8f/496MS.png
497,Serperior,//cdn.bulbagarden.net/upload/2/2e/497MS.png
498,Tepig,//cdn.bulbagarden.net/upload/6/6f/498MS.png
499,Pignite,//cdn.bulbagarden.net/upload/2/29/499MS.png
500,Emboar,//cdn.bulbagarden.net/upload/b/be/500MS.png
501,Oshawott,//cdn.bulbagarden.net/upload/c/cb/501MS.png
502,Dewott,//cdn.bulbagarden.net/upload/e/ed/502MS.png
503,Samurott,//cdn.bulbagarden.net/upload/9/99/503MS.png
504,Patrat,//cdn.bulbagarden.net/upload/7/73/504MS.png
505,Watchog,//cdn.bulbagarden.net/upload/9/9b/505MS.png
506,Lillipup,//cdn.bulbagarden.net/upload/c/cc/506MS.png
507,Herdier,//cdn.bulbagarden.net/upload/f/f2/507MS.png
508,Stoutland,//cdn.bulbagarden.net/upload/0/0f/508MS.png
509,Purrloin,//cdn.bulbagarden.net/upload/b/b5/509MS.png
510,Liepard,//cdn.bulbagarden.net/upload/4/4e/510MS.png
511,Pansage,//cdn.bulbagarden.net/upload/9/99/511MS.png
512,Simisage,//cdn.bulbagarden.net/upload/6/6a/512MS.png
513,Pansear,//cdn.bulbagarden.net/upload/c/cb/513MS.png
514,Simisear,//cdn.bulbagarden.net/upload/0/00/514MS.png
515,Panpour,//cdn.bulbagarden.net/upload/9/91/515MS.png
516,Simipour,//cdn.bulbagarden.net/upload/1/19/516MS.png
517,Munna,//cdn.bulbagarden.net/upload/f/f2/517MS.png
518,Musharna,//cdn.bulbagarden.net/upload/3/3e/518MS.png
519,Pidove,//cdn.bulbagarden.net/upload/a/a9/519MS.png
520,Tranquill,//cdn.bulbagarden.net/upload/9/90/520MS.png
521,Unfezant,//cdn.bulbagarden.net/upload/a/a9/521MS.png
522,Blitzle,//cdn.bulbagarden.net/upload/5/58/522MS.png
523,Zebstrika,//cdn.bulbagarden.net/upload/d/d7/523MS.png
524,Roggenrola,//cdn.bulbagarden.net/upload/6/62/524MS.png
525,Boldore,//cdn.bulbagarden.net/upload/2/25/525MS.png
526,Gigalith,//cdn.bulbagarden.net/upload/5/53/526MS.png
527,Woobat,//cdn.bulbagarden.net/upload/8/8d/527MS.png
528,Swoobat,//cdn.bulbagarden.net/upload/d/de/528MS.png
529,Drilbur,//cdn.bulbagarden.net/upload/0/0a/529MS.png
530,Excadrill,//cdn.bulbagarden.net/upload/7/71/530MS.png
531,Audino,//cdn.bulbagarden.net/upload/a/a5/531MS.png
532,Timburr,//cdn.bulbagarden.net/upload/8/80/532MS.png
533,Gurdurr,//cdn.bulbagarden.net/upload/2/2d/533MS.png
534,Conkeldurr,//cdn.bulbagarden.net/upload/8/8b/534MS.png
535,Tympole,//cdn.bulbagarden.net/upload/0/0e/535MS.png
536,Palpitoad,//cdn.bulbagarden.net/upload/2/2a/536MS.png
537,Seismitoad,//cdn.bulbagarden.net/upload/9/95/537MS.png
538,Throh,//cdn.bulbagarden.net/upload/7/73/538MS.png
539,Sawk,//cdn.bulbagarden.net/upload/8/82/539MS.png
540,Sewaddle,//cdn.bulbagarden.net/upload/9/97/540MS.png
541,Swadloon,//cdn.bulbagarden.net/upload/a/ab/541MS.png
542,Leavanny,//cdn.bulbagarden.net/upload/2/2d/542MS.png
543,Venipede,//cdn.bulbagarden.net/upload/2/2c/543MS.png
544,Whirlipede,//cdn.bulbagarden.net/upload/b/ba/544MS.png
545,Scolipede,//cdn.bulbagarden.net/upload/d/d3/545MS.png
546,Cottonee,//cdn.bulbagarden.net/upload/a/ac/546MS.png
547,Whimsicott,//cdn.bulbagarden.net/upload/1/1c/547MS.png
548,Petilil,//cdn.bulbagarden.net/upload/d/d4/548MS.png
549,Lilligant,//cdn.bulbagarden.net/upload/d/d1/549MS.png
550,Basculin,//cdn.bulbagarden.net/upload/a/a7/550MS.png
551,Sandile,//cdn.bulbagarden.net/upload/1/1a/551MS.png
552,Krokorok,//cdn.bulbagarden.net/upload/c/cd/552MS.png
553,Krookodile,//cdn.bulbagarden.net/upload/f/fe/553MS.png
554,Darumaka,//cdn.bulbagarden.net/upload/8/8f/554MS.png
555,Darmanitan,//cdn.bulbagarden.net/upload/5/52/555MS.png
556,Maractus,//cdn.bulbagarden.net/upload/f/f2/556MS.png
557,Dwebble,//cdn.bulbagarden.net/upload/9/9e/557MS.png
558,Crustle,//cdn.bulbagarden.net/upload/e/e3/558MS.png
559,Scraggy,//cdn.bulbagarden.net/upload/0/09/559MS.png
560,Scrafty,//cdn.bulbagarden.net/upload/a/a3/560MS.png
561,Sigilyph,//cdn.bulbagarden.net/upload/7/76/561MS.png
562,Yamask,//cdn.bulbagarden.net/upload/a/a9/562MS.png
563,Cofagrigus,//cdn.bulbagarden.net/upload/9/9b/563MS.png
564,Tirtouga,//cdn.bulbagarden.net/upload/f/f7/564MS.png
565,Carracosta,//cdn.bulbagarden.net/upload/a/a3/565MS.png
566,Archen,//cdn.bulbagarden.net/upload/8/8a/566MS.png
567,Archeops,//cdn.bulbagarden.net/upload/a/a9/567MS.png
568,Trubbish,//cdn.bulbagarden.net/upload/d/d8/568MS.png
569,Garbodor,//cdn.bulbagarden.net/upload/2/2e/569MS.png
570,Zorua,//cdn.bulbagarden.net/upload/d/d5/570MS.png
571,Zoroark,//cdn.bulbagarden.net/upload/b/bd/571MS.png
572,Minccino,//cdn.bulbagarden.net/upload/b/b7/572MS.png
573,Cinccino,//cdn.bulbagarden.net/upload/8/82/573MS.png
574,Gothita,//cdn.bulbagarden.net/upload/5/57/574MS.png
575,Gothorita,//cdn.bulbagarden.net/upload/7/75/575MS.png
576,Gothitelle,//cdn.bulbagarden.net/upload/b/be/576MS.png
577,Solosis,//cdn.bulbagarden.net/upload/7/7e/577MS.png
578,Duosion,//cdn.bulbagarden.net/upload/6/64/578MS.png
579,Reuniclus,//cdn.bulbagarden.net/upload/7/77/579MS.png
580,Ducklett,//cdn.bulbagarden.net/upload/e/e7/580MS.png
581,Swanna,//cdn.bulbagarden.net/upload/e/e8/581MS.png
582,Vanillite,//cdn.bulbagarden.net/upload/5/51/582MS.png
583,Vanillish,//cdn.bulbagarden.net/upload/7/70/583MS.png
584,Vanilluxe,//cdn.bulbagarden.net/upload/8/83/584MS.png
585,Deerling,//cdn.bulbagarden.net/upload/d/d9/585MS.png
586,Sawsbuck,//cdn.bulbagarden.net/upload/6/64/586MS.png
587,Emolga,//cdn.bulbagarden.net/upload/9/95/587MS.png
588,Karrablast,//cdn.bulbagarden.net/upload/c/ca/588MS.png
589,Escavalier,//cdn.bulbagarden.net/upload/0/0e/589MS.png
590,Foongus,//cdn.bulbagarden.net/upload/8/88/590MS.png
591,Amoonguss,//cdn.bulbagarden.net/upload/2/23/591MS.png
592,Frillish,//cdn.bulbagarden.net/upload/0/09/592MS.png
593,Jellicent,//cdn.bulbagarden.net/upload/7/71/593MS.png
594,Alomomola,//cdn.bulbagarden.net/upload/5/5a/594MS.png
595,Joltik,//cdn.bulbagarden.net/upload/f/f3/595MS.png
596,Galvantula,//cdn.bulbagarden.net/upload/c/c4/596MS.png
597,Ferroseed,//cdn.bulbagarden.net/upload/b/b2/597MS.png
598,Ferrothorn,//cdn.bulbagarden.net/upload/9/9e/598MS.png
599,Klink,//cdn.bulbagarden.net/upload/6/61/599MS.png
600,Klang,//cdn.bulbagarden.net/upload/3/3a/600MS.png
601,Klinklang,//cdn.bulbagarden.net/upload/2/25/601MS.png
602,Tynamo,//cdn.bulbagarden.net/upload/e/e1/602MS.png
603,Eelektrik,//cdn.bulbagarden.net/upload/c/cb/603MS.png
604,Eelektross,//cdn.bulbagarden.net/upload/0/0f/604MS.png
605,Elgyem,//cdn.bulbagarden.net/upload/6/6f/605MS.png
606,Beheeyem,//cdn.bulbagarden.net/upload/5/53/606MS.png
607,Litwick,//cdn.bulbagarden.net/upload/7/7c/607MS.png
608,Lampent,//cdn.bulbagarden.net/upload/0/04/608MS.png
609,Chandelure,//cdn.bulbagarden.net/upload/3/39/609MS.png
610,Axew,//cdn.bulbagarden.net/upload/0/0c/610MS.png
611,Fraxure,//cdn.bulbagarden.net/upload/1/1d/611MS.png
612,Haxorus,//cdn.bulbagarden.net/upload/5/5d/612MS.png
613,Cubchoo,//cdn.bulbagarden.net/upload/f/fe/613MS.png
614,Beartic,//cdn.bulbagarden.net/upload/f/f9/614MS.png
615,Cryogonal,//cdn.bulbagarden.net/upload/d/d9/615MS.png
616,Shelmet,//cdn.bulbagarden.net/upload/d/da/616MS.png
617,Accelgor,//cdn.bulbagarden.net/upload/3/33/617MS.png
618,Stunfisk,//cdn.bulbagarden.net/upload/3/31/618MS.png
619,Mienfoo,//cdn.bulbagarden.net/upload/a/a9/619MS.png
620,Mienshao,//cdn.bulbagarden.net/upload/e/e4/620MS.png
621,Druddigon,//cdn.bulbagarden.net/upload/5/53/621MS.png
622,Golett,//cdn.bulbagarden.net/upload/3/3b/622MS.png
623,Golurk,//cdn.bulbagarden.net/upload/8/85/623MS.png
624,Pawniard,//cdn.bulbagarden.net/upload/5/59/624MS.png
625,Bisharp,//cdn.bulbagarden.net/upload/3/3e/625MS.png
626,Bouffalant,//cdn.bulbagarden.net/upload/0/01/626MS.png
627,Rufflet,//cdn.bulbagarden.net/upload/e/e5/627MS.png
628,Braviary,//cdn.bulbagarden.net/upload/5/54/628MS.png
629,Vullaby,//cdn.bulbagarden.net/upload/2/2f/629MS.png
630,Mandibuzz,//cdn.bulbagarden.net/upload/f/f7/630MS.png
631,Heatmor,//cdn.bulbagarden.net/upload/e/e2/631MS.png
632,Durant,//cdn.bulbagarden.net/upload/a/a4/632MS.png
633,Deino,//cdn.bulbagarden.net/upload/3/39/633MS.png
635,Zweilous,//cdn.bulbagarden.net/upload/8/83/635MS.png
636,Hydreigon,//cdn.bulbagarden.net/upload/0/09/636MS.png
637,Larvesta,//cdn.bulbagarden.net/upload/7/78/637MS.png
638,Volcarona,//cdn.bulbagarden.net/upload/3/36/638MS.png
639,Cobalion,//cdn.bulbagarden.net/upload/5/5d/639MS.png
640,Terrakion,//cdn.bulbagarden.net/upload/6/60/640MS.png
641,Virizion,//cdn.bulbagarden.net/upload/1/13/641MS.png
642,Tornadus,//cdn.bulbagarden.net/upload/b/b4/642MS.png
643,Thundurus,//cdn.bulbagarden.net/upload/0/03/643MS.png
644,Reshiram,//cdn.bulbagarden.net/upload/b/b2/644MS.png
645,Zekrom,//cdn.bulbagarden.net/upload/a/a4/645MS.png
646,Landorus,//cdn.bulbagarden.net/upload/1/12/646MS.png
647,Kyurem,//cdn.bulbagarden.net/upload/7/78/647MS.png
648,Keldeo,//cdn.bulbagarden.net/upload/1/1f/648MS.png
649,Meloetta,//cdn.bulbagarden.net/upload/1/17/649MS.png
650,Genesect,//cdn.bulbagarden.net/upload/6/67/650MS.png
651,Chespin,//cdn.bulbagarden.net/upload/b/bf/651MS.png
652,Quilladin,//cdn.bulbagarden.net/upload/1/1c/652MS.png
653,Chesnaught,//cdn.bulbagarden.net/upload/f/f9/653MS.png
654,Fennekin,//cdn.bulbagarden.net/upload/6/62/654MS.png
655,Braixen,//cdn.bulbagarden.net/upload/f/f8/655MS.png
656,Delphox,//cdn.bulbagarden.net/upload/d/d4/656MS.png
657,Froakie,//cdn.bulbagarden.net/upload/1/15/657MS.png
658,Frogadier,//cdn.bulbagarden.net/upload/8/87/658MS.png
659,Greninja,//cdn.bulbagarden.net/upload/e/e2/659MS.png
660,Bunnelby,//cdn.bulbagarden.net/upload/0/05/660MS.png
661,Diggersby,//cdn.bulbagarden.net/upload/9/9c/661MS.png
662,Fletchling,//cdn.bulbagarden.net/upload/5/56/662MS.png
663,Fletchinder,//cdn.bulbagarden.net/upload/8/81/663MS.png
664,Talonflame,//cdn.bulbagarden.net/upload/e/e0/664MS.png
665,Scatterbug,//cdn.bulbagarden.net/upload/8/8e/665MS.png
666,Spewpa,//cdn.bulbagarden.net/upload/c/c5/666MS.png
667,Vivillon,//cdn.bulbagarden.net/upload/8/80/667MS.png
668,Litleo,//cdn.bulbagarden.net/upload/0/0c/668MS.png
669,Pyroar,//cdn.bulbagarden.net/upload/3/38/669MS.png
670,Flab�b�,//cdn.bulbagarden.net/upload/0/04/670MS.png
671,Floette,//cdn.bulbagarden.net/upload/e/ea/671MS.png
672,Florges,//cdn.bulbagarden.net/upload/0/04/672MS.png
673,Skiddo,//cdn.bulbagarden.net/upload/7/71/673MS.png
674,Gogoat,//cdn.bulbagarden.net/upload/f/f8/674MS.png
675,Pancham,//cdn.bulbagarden.net/upload/3/39/675MS.png
676,Pangoro,//cdn.bulbagarden.net/upload/c/c4/676MS.png
677,Furfrou,//cdn.bulbagarden.net/upload/2/21/677MS.png
678,Espurr,//cdn.bulbagarden.net/upload/7/70/678MS.png
679,Meowstic,//cdn.bulbagarden.net/upload/0/04/679MS.png
680,Honedge,//cdn.bulbagarden.net/upload/a/a0/680MS.png
681,Doublade,//cdn.bulbagarden.net/upload/3/37/681MS.png
682,Aegislash,//cdn.bulbagarden.net/upload/4/47/682MS.png
683,Spritzee,//cdn.bulbagarden.net/upload/b/b3/683MS.png
684,Aromatisse,//cdn.bulbagarden.net/upload/c/c0/684MS.png
685,Swirlix,//cdn.bulbagarden.net/upload/c/cd/685MS.png
686,Slurpuff,//cdn.bulbagarden.net/upload/6/63/686MS.png
687,Inkay,//cdn.bulbagarden.net/upload/8/89/687MS.png
688,Malamar,//cdn.bulbagarden.net/upload/7/77/688MS.png
689,Binacle,//cdn.bulbagarden.net/upload/a/aa/689MS.png
690,Barbaracle,//cdn.bulbagarden.net/upload/4/40/690MS.png
691,Skrelp,//cdn.bulbagarden.net/upload/f/f0/691MS.png
692,Dragalge,//cdn.bulbagarden.net/upload/6/68/692MS.png
693,Clauncher,//cdn.bulbagarden.net/upload/d/d8/693MS.png
694,Clawitzer,//cdn.bulbagarden.net/upload/f/f7/694MS.png
695,Helioptile,//cdn.bulbagarden.net/upload/3/3f/695MS.png
696,Heliolisk,//cdn.bulbagarden.net/upload/c/c1/696MS.png
697,Tyrunt,//cdn.bulbagarden.net/upload/2/29/697MS.png
698,Tyrantrum,//cdn.bulbagarden.net/upload/a/a4/698MS.png
699,Amaura,//cdn.bulbagarden.net/upload/8/8e/699MS.png
700,Aurorus,//cdn.bulbagarden.net/upload/4/49/700MS.png
701,Sylveon,//cdn.bulbagarden.net/upload/0/04/701MS.png
702,Hawlucha,//cdn.bulbagarden.net/upload/4/43/702MS.png
703,Dedenne,//cdn.bulbagarden.net/upload/5/5b/703MS.png
704,Carbink,//cdn.bulbagarden.net/upload/5/5d/704MS.png
705,Goomy,//cdn.bulbagarden.net/upload/b/b9/705MS.png
706,Sliggoo,//cdn.bulbagarden.net/upload/3/3c/706MS.png
707,Goodra,//cdn.bulbagarden.net/upload/2/21/707MS.png
708,Klefki,//cdn.bulbagarden.net/upload/e/e2/708MS.png
709,Phantump,//cdn.bulbagarden.net/upload/f/ff/709MS.png
710,Trevenant,//cdn.bulbagarden.net/upload/5/5e/710MS.png
711,Pumpkaboo,//cdn.bulbagarden.net/upload/f/f9/711MS.png
712,Gourgeist,//cdn.bulbagarden.net/upload/f/fc/712MS.png
713,Bergmite,//cdn.bulbagarden.net/upload/5/53/713MS.png
714,Avalugg,//cdn.bulbagarden.net/upload/d/d0/714MS.png
715,Noibat,//cdn.bulbagarden.net/upload/4/4f/715MS.png
716,Noivern,//cdn.bulbagarden.net/upload/4/45/716MS.png
717,Xerneas,//cdn.bulbagarden.net/upload/c/c1/717MS.png
719,Yveltal,//cdn.bulbagarden.net/upload/5/53/719MS.png
720,Zygarde,//cdn.bulbagarden.net/upload/d/d0/720MS.png
721,Diancie,//cdn.bulbagarden.net/upload/e/e4/721MS.png
722,Hoopa,//cdn.bulbagarden.net/upload/4/48/722MS.png
723,Volcanion,//cdn.bulbagarden.net/upload/9/95/723MS.png
724,Rowlet,//cdn.bulbagarden.net/upload/0/01/724MS.png
725,Dartrix,//cdn.bulbagarden.net/upload/0/07/725MS.png
726,Decidueye,//cdn.bulbagarden.net/upload/9/99/726MS.png
727,Litten,//cdn.bulbagarden.net/upload/5/58/727MS.png
728,Torracat,//cdn.bulbagarden.net/upload/0/02/728MS.png
729,Incineroar,//cdn.bulbagarden.net/upload/6/6c/729MS.png
730,Popplio,//cdn.bulbagarden.net/upload/9/9b/730MS.png
731,Brionne,//cdn.bulbagarden.net/upload/a/a5/731MS.png
732,Primarina,//cdn.bulbagarden.net/upload/7/79/732MS.png
733,Pikipek,//cdn.bulbagarden.net/upload/c/c5/733MS.png
734,Trumbeak,//cdn.bulbagarden.net/upload/f/f2/734MS.png
735,Toucannon,//cdn.bulbagarden.net/upload/e/e2/735MS.png
736,Yungoos,//cdn.bulbagarden.net/upload/b/b5/736MS.png
737,Gumshoos,//cdn.bulbagarden.net/upload/7/7e/737MS.png
738,Grubbin,//cdn.bulbagarden.net/upload/e/e6/738MS.png
739,Charjabug,//cdn.bulbagarden.net/upload/1/1a/739MS.png
740,Vikavolt,//cdn.bulbagarden.net/upload/2/28/740MS.png
741,Crabrawler,//cdn.bulbagarden.net/upload/7/72/741MS.png
742,Crabominable,//cdn.bulbagarden.net/upload/5/57/742MS.png
743,Oricorio,//cdn.bulbagarden.net/upload/1/18/743MS.png
744,Cutiefly,//cdn.bulbagarden.net/upload/f/f8/744MS.png
745,Ribombee,//cdn.bulbagarden.net/upload/b/b3/745MS.png
746,Rockruff,//cdn.bulbagarden.net/upload/0/0f/746MS.png
747,Lycanroc,//cdn.bulbagarden.net/upload/7/74/747MS.png
748,Wishiwashi,//cdn.bulbagarden.net/upload/1/1b/748MS.png
749,Mareanie,//cdn.bulbagarden.net/upload/0/06/749MS.png
750,Toxapex,//cdn.bulbagarden.net/upload/6/68/750MS.png
751,Mudbray,//cdn.bulbagarden.net/upload/e/ee/751MS.png
752,Mudsdale,//cdn.bulbagarden.net/upload/8/80/752MS.png
753,Dewpider,//cdn.bulbagarden.net/upload/d/d9/753MS.png
754,Araquanid,//cdn.bulbagarden.net/upload/9/95/754MS.png
755,Fomantis,//cdn.bulbagarden.net/upload/5/5f/755MS.png
756,Lurantis,//cdn.bulbagarden.net/upload/6/68/756MS.png
757,Morelull,//cdn.bulbagarden.net/upload/f/f2/757MS.png
758,Shiinotic,//cdn.bulbagarden.net/upload/c/c8/758MS.png
759,Salandit,//cdn.bulbagarden.net/upload/9/9f/759MS.png
760,Salazzle,//cdn.bulbagarden.net/upload/0/06/760MS.png
761,Stufful,//cdn.bulbagarden.net/upload/2/2a/761MS.png
762,Bewear,//cdn.bulbagarden.net/upload/1/15/762MS.png
763,Bounsweet,//cdn.bulbagarden.net/upload/3/31/763MS.png
764,Steenee,//cdn.bulbagarden.net/upload/3/3c/764MS.png
765,Tsareena,//cdn.bulbagarden.net/upload/c/cd/765MS.png
766,Comfey,//cdn.bulbagarden.net/upload/4/41/766MS.png
767,Oranguru,//cdn.bulbagarden.net/upload/e/ef/767MS.png
768,Passimian,//cdn.bulbagarden.net/upload/6/6d/768MS.png
769,Wimpod,//cdn.bulbagarden.net/upload/f/fb/769MS.png
770,Golisopod,//cdn.bulbagarden.net/upload/d/d4/770MS.png
771,Sandygast,//cdn.bulbagarden.net/upload/3/3d/771MS.png
772,Palossand,//cdn.bulbagarden.net/upload/3/37/772MS.png
773,Pyukumuku,//cdn.bulbagarden.net/upload/0/05/773MS.png
774,Marshadow,//cdn.bulbagarden.net/upload/d/d6/774MS.png
775,Silvally,//cdn.bulbagarden.net/upload/a/ab/775MS.png
776,Minior,//cdn.bulbagarden.net/upload/5/50/776MS.png
777,Komala,//cdn.bulbagarden.net/upload/1/16/777MS.png
778,Turtonator,//cdn.bulbagarden.net/upload/6/6f/778MS.png
779,Togedemaru,//cdn.bulbagarden.net/upload/1/1b/779MS.png
780,Mimikyu,//cdn.bulbagarden.net/upload/a/a0/780MS.png
781,Bruxish,//cdn.bulbagarden.net/upload/9/95/781MS.png
782,Drampa,//cdn.bulbagarden.net/upload/4/4d/782MS.png
783,Dhelmise,//cdn.bulbagarden.net/upload/d/d4/783MS.png
784,Jangmo-o,//cdn.bulbagarden.net/upload/2/27/784MS.png
785,Hakamo-o,//cdn.bulbagarden.net/upload/2/27/785MS.png
786,Kommo-o,//cdn.bulbagarden.net/upload/e/e1/786MS.png
787,Tapu Koko,//cdn.bulbagarden.net/upload/7/78/787MS.png
788,Tapu Lele,//cdn.bulbagarden.net/upload/8/88/788MS.png
789,Tapu Bulu,//cdn.bulbagarden.net/upload/b/b9/789MS.png
790,Tapu Fini,//cdn.bulbagarden.net/upload/7/73/790MS.png
791,Cosmog,//cdn.bulbagarden.net/upload/a/af/791MS.png
792,Cosmoem,//cdn.bulbagarden.net/upload/7/76/792MS.png
793,Solgaleo,//cdn.bulbagarden.net/upload/f/f0/793MS.png
794,Lunala,//cdn.bulbagarden.net/upload/0/0a/794MS.png
795,Nihilego,//cdn.bulbagarden.net/upload/1/15/795MS.png
796,Buzzwole,//cdn.bulbagarden.net/upload/9/9f/796MS.png
797,Pheromosa,//cdn.bulbagarden.net/upload/6/62/797MS.png
798,Xurkitree,//cdn.bulbagarden.net/upload/6/69/798MS.png
799,Celesteela,//cdn.bulbagarden.net/upload/3/3e/799MS.png
800,Kartana,//cdn.bulbagarden.net/upload/a/a4/800MS.png
801,Guzzlord,//cdn.bulbagarden.net/upload/2/20/801MS.png
802,Necrozma,//cdn.bulbagarden.net/upload/2/2a/802MS.png
803,Pokemon1,https://pro-rankedboost.netdna-ssl.com/wp-content/uploads/2016/07/PokeBall.png
804,Pokemon2,https://pro-rankedboost.netdna-ssl.com/wp-content/uploads/2016/07/PokeBall.png
805,Pokemon3,https://pro-rankedboost.netdna-ssl.com/wp-content/uploads/2016/07/PokeBall.png
806,Pokemon4,https://pro-rankedboost.netdna-ssl.com/wp-content/uploads/2016/07/PokeBall.png
807,Pokemon5,https://pro-rankedboost.netdna-ssl.com/wp-content/uploads/2016/07/PokeBall.png
808,Pokemon6,https://pro-rankedboost.netdna-ssl.com/wp-content/uploads/2016/07/PokeBall.png
809,Pokemon7,https://pro-rankedboost.netdna-ssl.com/wp-content/uploads/2016/07/PokeBall.png
810,Pokemon8,https://pro-rankedboost.netdna-ssl.com/wp-content/uploads/2016/07/PokeBall.png
811,Pokemon9,https://pro-rankedboost.netdna-ssl.com/wp-content/uploads/2016/07/PokeBall.png
812,Pokemon10,https://pro-rankedboost.netdna-ssl.com/wp-content/uploads/2016/07/PokeBall.png
813,Pokemon11,https://pro-rankedboost.netdna-ssl.com/wp-content/uploads/2016/07/PokeBall.png
814,Pokemon12,https://pro-rankedboost.netdna-ssl.com/wp-content/uploads/2016/07/PokeBall.png
815,Pokemon13,https://pro-rankedboost.netdna-ssl.com/wp-content/uploads/2016/07/PokeBall.png
816,Pokemon14,https://pro-rankedboost.netdna-ssl.com/wp-content/uploads/2016/07/PokeBall.png
817,Pokemon15,https://pro-rankedboost.netdna-ssl.com/wp-content/uploads/2016/07/PokeBall.png
818,Pokemon16,https://pro-rankedboost.netdna-ssl.com/wp-content/uploads/2016/07/PokeBall.png
819,Pokemon17,https://pro-rankedboost.netdna-ssl.com/wp-content/uploads/2016/07/PokeBall.png
820,Pokemon18,https://pro-rankedboost.netdna-ssl.com/wp-content/uploads/2016/07/PokeBall.png
821,Pokemon19,https://pro-rankedboost.netdna-ssl.com/wp-content/uploads/2016/07/PokeBall.png
822,Pokemon20,https://pro-rankedboost.netdna-ssl.com/wp-content/uploads/2016/07/PokeBall.png
823,Pokemon21,https://pro-rankedboost.netdna-ssl.com/wp-content/uploads/2016/07/PokeBall.png
824,Pokemon22,https://pro-rankedboost.netdna-ssl.com/wp-content/uploads/2016/07/PokeBall.png
825,Pokemon23,https://pro-rankedboost.netdna-ssl.com/wp-content/uploads/2016/07/PokeBall.png
826,Pokemon24,https://pro-rankedboost.netdna-ssl.com/wp-content/uploads/2016/07/PokeBall.png
827,Pokemon25,https://pro-rankedboost.netdna-ssl.com/wp-content/uploads/2016/07/PokeBall.png
828,Pokemon26,https://pro-rankedboost.netdna-ssl.com/wp-content/uploads/2016/07/PokeBall.png
829,Pokemon27,https://pro-rankedboost.netdna-ssl.com/wp-content/uploads/2016/07/PokeBall.png
830,Pokemon28,https://pro-rankedboost.netdna-ssl.com/wp-content/uploads/2016/07/PokeBall.png
831,Pokemon29,https://pro-rankedboost.netdna-ssl.com/wp-content/uploads/2016/07/PokeBall.png
832,Pokemon30,https://pro-rankedboost.netdna-ssl.com/wp-content/uploads/2016/07/PokeBall.png
833,Pokemon31,https://pro-rankedboost.netdna-ssl.com/wp-content/uploads/2016/07/PokeBall.png
834,Pokemon32,https://pro-rankedboost.netdna-ssl.com/wp-content/uploads/2016/07/PokeBall.png
835,Pokemon33,https://pro-rankedboost.netdna-ssl.com/wp-content/uploads/2016/07/PokeBall.png
836,Pokemon34,https://pro-rankedboost.netdna-ssl.com/wp-content/uploads/2016/07/PokeBall.png
837,Pokemon35,https://pro-rankedboost.netdna-ssl.com/wp-content/uploads/2016/07/PokeBall.png
838,Pokemon36,https://pro-rankedboost.netdna-ssl.com/wp-content/uploads/2016/07/PokeBall.png
839,Pokemon37,https://pro-rankedboost.netdna-ssl.com/wp-content/uploads/2016/07/PokeBall.png
840,Pokemon38,https://pro-rankedboost.netdna-ssl.com/wp-content/uploads/2016/07/PokeBall.png
841,Pokemon39,https://pro-rankedboost.netdna-ssl.com/wp-content/uploads/2016/07/PokeBall.png
842,Pokemon40,https://pro-rankedboost.netdna-ssl.com/wp-content/uploads/2016/07/PokeBall.png
843,Pokemon41,https://pro-rankedboost.netdna-ssl.com/wp-content/uploads/2016/07/PokeBall.png
844,Pokemon42,https://pro-rankedboost.netdna-ssl.com/wp-content/uploads/2016/07/PokeBall.png
845,Pokemon43,https://pro-rankedboost.netdna-ssl.com/wp-content/uploads/2016/07/PokeBall.png
846,Pokemon44,https://pro-rankedboost.netdna-ssl.com/wp-content/uploads/2016/07/PokeBall.png
847,Pokemon45,https://pro-rankedboost.netdna-ssl.com/wp-content/uploads/2016/07/PokeBall.png
848,Pokemon46,https://pro-rankedboost.netdna-ssl.com/wp-content/uploads/2016/07/PokeBall.png
849,Pokemon47,https://pro-rankedboost.netdna-ssl.com/wp-content/uploads/2016/07/PokeBall.png
850,Pokemon48,https://pro-rankedboost.netdna-ssl.com/wp-content/uploads/2016/07/PokeBall.png
851,Pokemon49,https://pro-rankedboost.netdna-ssl.com/wp-content/uploads/2016/07/PokeBall.png
852,Pokemon50,https://pro-rankedboost.netdna-ssl.com/wp-content/uploads/2016/07/PokeBall.png
853,Pokemon51,https://pro-rankedboost.netdna-ssl.com/wp-content/uploads/2016/07/PokeBall.png
854,Pokemon52,https://pro-rankedboost.netdna-ssl.com/wp-content/uploads/2016/07/PokeBall.png
855,Pokemon53,https://pro-rankedboost.netdna-ssl.com/wp-content/uploads/2016/07/PokeBall.png
856,Pokemon54,https://pro-rankedboost.netdna-ssl.com/wp-content/uploads/2016/07/PokeBall.png
857,Pokemon55,https://pro-rankedboost.netdna-ssl.com/wp-content/uploads/2016/07/PokeBall.png
858,Pokemon56,https://pro-rankedboost.netdna-ssl.com/wp-content/uploads/2016/07/PokeBall.png
859,Pokemon57,https://pro-rankedboost.netdna-ssl.com/wp-content/uploads/2016/07/PokeBall.png
860,Pokemon58,https://pro-rankedboost.netdna-ssl.com/wp-content/uploads/2016/07/PokeBall.png
861,Pokemon59,https://pro-rankedboost.netdna-ssl.com/wp-content/uploads/2016/07/PokeBall.png
862,Pokemon60,https://pro-rankedboost.netdna-ssl.com/wp-content/uploads/2016/07/PokeBall.png
863,Pokemon61,https://pro-rankedboost.netdna-ssl.com/wp-content/uploads/2016/07/PokeBall.png
864,Pokemon62,https://pro-rankedboost.netdna-ssl.com/wp-content/uploads/2016/07/PokeBall.png
865,Pokemon63,https://pro-rankedboost.netdna-ssl.com/wp-content/uploads/2016/07/PokeBall.png
866,Pokemon64,https://pro-rankedboost.netdna-ssl.com/wp-content/uploads/2016/07/PokeBall.png
867,Pokemon65,https://pro-rankedboost.netdna-ssl.com/wp-content/uploads/2016/07/PokeBall.png
868,Pokemon66,https://pro-rankedboost.netdna-ssl.com/wp-content/uploads/2016/07/PokeBall.png
869,Pokemon67,https://pro-rankedboost.netdna-ssl.com/wp-content/uploads/2016/07/PokeBall.png
870,Pokemon68,https://pro-rankedboost.netdna-ssl.com/wp-content/uploads/2016/07/PokeBall.png
871,Pokemon69,https://pro-rankedboost.netdna-ssl.com/wp-content/uploads/2016/07/PokeBall.png
872,Pokemon70,https://pro-rankedboost.netdna-ssl.com/wp-content/uploads/2016/07/PokeBall.png
873,Pokemon71,https://pro-rankedboost.netdna-ssl.com/wp-content/uploads/2016/07/PokeBall.png
874,Pokemon72,https://pro-rankedboost.netdna-ssl.com/wp-content/uploads/2016/07/PokeBall.png
875,Pokemon73,https://pro-rankedboost.netdna-ssl.com/wp-content/uploads/2016/07/PokeBall.png
876,Pokemon74,https://pro-rankedboost.netdna-ssl.com/wp-content/uploads/2016/07/PokeBall.png
877,Pokemon75,https://pro-rankedboost.netdna-ssl.com/wp-content/uploads/2016/07/PokeBall.png
878,Pokemon76,https://pro-rankedboost.netdna-ssl.com/wp-content/uploads/2016/07/PokeBall.png
879,Pokemon77,https://pro-rankedboost.netdna-ssl.com/wp-content/uploads/2016/07/PokeBall.png
880,Pokemon78,https://pro-rankedboost.netdna-ssl.com/wp-content/uploads/2016/07/PokeBall.png
881,Pokemon79,https://pro-rankedboost.netdna-ssl.com/wp-content/uploads/2016/07/PokeBall.png
882,Pokemon80,https://pro-rankedboost.netdna-ssl.com/wp-content/uploads/2016/07/PokeBall.png
883,Pokemon81,https://pro-rankedboost.netdna-ssl.com/wp-content/uploads/2016/07/PokeBall.png
884,Pokemon82,https://pro-rankedboost.netdna-ssl.com/wp-content/uploads/2016/07/PokeBall.png
885,Pokemon83,https://pro-rankedboost.netdna-ssl.com/wp-content/uploads/2016/07/PokeBall.png
886,Pokemon84,https://pro-rankedboost.netdna-ssl.com/wp-content/uploads/2016/07/PokeBall.png
887,Pokemon85,https://pro-rankedboost.netdna-ssl.com/wp-content/uploads/2016/07/PokeBall.png
888,Pokemon86,https://pro-rankedboost.netdna-ssl.com/wp-content/uploads/2016/07/PokeBall.png
889,Pokemon87,https://pro-rankedboost.netdna-ssl.com/wp-content/uploads/2016/07/PokeBall.png
890,Pokemon88,https://pro-rankedboost.netdna-ssl.com/wp-content/uploads/2016/07/PokeBall.png
891,Pokemon89,https://pro-rankedboost.netdna-ssl.com/wp-content/uploads/2016/07/PokeBall.png
892,Pokemon90,https://pro-rankedboost.netdna-ssl.com/wp-content/uploads/2016/07/PokeBall.png
893,Pokemon91,https://pro-rankedboost.netdna-ssl.com/wp-content/uploads/2016/07/PokeBall.png
894,Pokemon92,https://pro-rankedboost.netdna-ssl.com/wp-content/uploads/2016/07/PokeBall.png
895,Pokemon93,https://pro-rankedboost.netdna-ssl.com/wp-content/uploads/2016/07/PokeBall.png
896,Pokemon94,https://pro-rankedboost.netdna-ssl.com/wp-content/uploads/2016/07/PokeBall.png
897,Pokemon95,https://pro-rankedboost.netdna-ssl.com/wp-content/uploads/2016/07/PokeBall.png
898,Pokemon96,https://pro-rankedboost.netdna-ssl.com/wp-content/uploads/2016/07/PokeBall.png
899,Pokemon97,https://pro-rankedboost.netdna-ssl.com/wp-content/uploads/2016/07/PokeBall.png
900,Pokemon98,https://pro-rankedboost.netdna-ssl.com/wp-content/uploads/2016/07/PokeBall.png
901,Pokemon99,https://pro-rankedboost.netdna-ssl.com/wp-content/uploads/2016/07/PokeBall.png
902,Pokemon100,https://pro-rankedboost.netdna-ssl.com/wp-content/uploads/2016/07/PokeBall.png
903,Pokemon101,https://pro-rankedboost.netdna-ssl.com/wp-content/uploads/2016/07/PokeBall.png
904,Pokemon102,https://pro-rankedboost.netdna-ssl.com/wp-content/uploads/2016/07/PokeBall.png
905,Pokemon103,https://pro-rankedboost.netdna-ssl.com/wp-content/uploads/2016/07/PokeBall.png
906,Pokemon104,https://pro-rankedboost.netdna-ssl.com/wp-content/uploads/2016/07/PokeBall.png
907,Pokemon105,https://pro-rankedboost.netdna-ssl.com/wp-content/uploads/2016/07/PokeBall.png
908,Pokemon106,https://pro-rankedboost.netdna-ssl.com/wp-content/uploads/2016/07/PokeBall.png
909,Pokemon107,https://pro-rankedboost.netdna-ssl.com/wp-content/uploads/2016/07/PokeBall.png
910,Pokemon108,https://pro-rankedboost.netdna-ssl.com/wp-content/uploads/2016/07/PokeBall.png
911,Pokemon109,https://pro-rankedboost.netdna-ssl.com/wp-content/uploads/2016/07/PokeBall.png
912,Pokemon110,https://pro-rankedboost.netdna-ssl.com/wp-content/uploads/2016/07/PokeBall.png
913,Pokemon111,https://pro-rankedboost.netdna-ssl.com/wp-content/uploads/2016/07/PokeBall.png
914,Pokemon112,https://pro-rankedboost.netdna-ssl.com/wp-content/uploads/2016/07/PokeBall.png
915,Pokemon113,https://pro-rankedboost.netdna-ssl.com/wp-content/uploads/2016/07/PokeBall.png
916,Pokemon114,https://pro-rankedboost.netdna-ssl.com/wp-content/uploads/2016/07/PokeBall.png
917,Pokemon115,https://pro-rankedboost.netdna-ssl.com/wp-content/uploads/2016/07/PokeBall.png
918,Pokemon116,https://pro-rankedboost.netdna-ssl.com/wp-content/uploads/2016/07/PokeBall.png
919,Pokemon117,https://pro-rankedboost.netdna-ssl.com/wp-content/uploads/2016/07/PokeBall.png
920,Pokemon118,https://pro-rankedboost.netdna-ssl.com/wp-content/uploads/2016/07/PokeBall.png
921,Pokemon119,https://pro-rankedboost.netdna-ssl.com/wp-content/uploads/2016/07/PokeBall.png
922,Pokemon120,https://pro-rankedboost.netdna-ssl.com/wp-content/uploads/2016/07/PokeBall.png
923,Pokemon121,https://pro-rankedboost.netdna-ssl.com/wp-content/uploads/2016/07/PokeBall.png
924,Pokemon122,https://pro-rankedboost.netdna-ssl.com/wp-content/uploads/2016/07/PokeBall.png
925,Pokemon123,https://pro-rankedboost.netdna-ssl.com/wp-content/uploads/2016/07/PokeBall.png
926,Pokemon124,https://pro-rankedboost.netdna-ssl.com/wp-content/uploads/2016/07/PokeBall.png
927,Pokemon125,https://pro-rankedboost.netdna-ssl.com/wp-content/uploads/2016/07/PokeBall.png
928,Pokemon126,https://pro-rankedboost.netdna-ssl.com/wp-content/uploads/2016/07/PokeBall.png
929,Pokemon127,https://pro-rankedboost.netdna-ssl.com/wp-content/uploads/2016/07/PokeBall.png
930,Pokemon128,https://pro-rankedboost.netdna-ssl.com/wp-content/uploads/2016/07/PokeBall.png
931,Pokemon129,https://pro-rankedboost.netdna-ssl.com/wp-content/uploads/2016/07/PokeBall.png
932,Pokemon130,https://pro-rankedboost.netdna-ssl.com/wp-content/uploads/2016/07/PokeBall.png
933,Pokemon131,https://pro-rankedboost.netdna-ssl.com/wp-content/uploads/2016/07/PokeBall.png
934,Pokemon132,https://pro-rankedboost.netdna-ssl.com/wp-content/uploads/2016/07/PokeBall.png
935,Pokemon133,https://pro-rankedboost.netdna-ssl.com/wp-content/uploads/2016/07/PokeBall.png
936,Pokemon134,https://pro-rankedboost.netdna-ssl.com/wp-content/uploads/2016/07/PokeBall.png
937,Pokemon135,https://pro-rankedboost.netdna-ssl.com/wp-content/uploads/2016/07/PokeBall.png
938,Pokemon136,https://pro-rankedboost.netdna-ssl.com/wp-content/uploads/2016/07/PokeBall.png
939,Pokemon137,https://pro-rankedboost.netdna-ssl.com/wp-content/uploads/2016/07/PokeBall.png
940,Pokemon138,https://pro-rankedboost.netdna-ssl.com/wp-content/uploads/2016/07/PokeBall.png
941,Pokemon139,https://pro-rankedboost.netdna-ssl.com/wp-content/uploads/2016/07/PokeBall.png
942,Pokemon140,https://pro-rankedboost.netdna-ssl.com/wp-content/uploads/2016/07/PokeBall.png
943,Pokemon141,https://pro-rankedboost.netdna-ssl.com/wp-content/uploads/2016/07/PokeBall.png
944,Pokemon142,https://pro-rankedboost.netdna-ssl.com/wp-content/uploads/2016/07/PokeBall.png
945,Pokemon143,https://pro-rankedboost.netdna-ssl.com/wp-content/uploads/2016/07/PokeBall.png
946,Pokemon144,https://pro-rankedboost.netdna-ssl.com/wp-content/uploads/2016/07/PokeBall.png
947,Pokemon145,https://pro-rankedboost.netdna-ssl.com/wp-content/uploads/2016/07/PokeBall.png
948,Pokemon146,https://pro-rankedboost.netdna-ssl.com/wp-content/uploads/2016/07/PokeBall.png
949,Pokemon147,https://pro-rankedboost.netdna-ssl.com/wp-content/uploads/2016/07/PokeBall.png
950,Pokemon148,https://pro-rankedboost.netdna-ssl.com/wp-content/uploads/2016/07/PokeBall.png
951,Pokemon149,https://pro-rankedboost.netdna-ssl.com/wp-content/uploads/2016/07/PokeBall.png
952,Pokemon150,https://pro-rankedboost.netdna-ssl.com/wp-content/uploads/2016/07/PokeBall.png
953,Pokemon151,https://pro-rankedboost.netdna-ssl.com/wp-content/uploads/2016/07/PokeBall.png
954,Pokemon152,https://pro-rankedboost.netdna-ssl.com/wp-content/uploads/2016/07/PokeBall.png
955,Pokemon153,https://pro-rankedboost.netdna-ssl.com/wp-content/uploads/2016/07/PokeBall.png
956,Pokemon154,https://pro-rankedboost.netdna-ssl.com/wp-content/uploads/2016/07/PokeBall.png
957,Pokemon155,https://pro-rankedboost.netdna-ssl.com/wp-content/uploads/2016/07/PokeBall.png
958,Pokemon156,https://pro-rankedboost.netdna-ssl.com/wp-content/uploads/2016/07/PokeBall.png
959,Pokemon157,https://pro-rankedboost.netdna-ssl.com/wp-content/uploads/2016/07/PokeBall.png
960,Pokemon158,https://pro-rankedboost.netdna-ssl.com/wp-content/uploads/2016/07/PokeBall.png
961,Pokemon159,https://pro-rankedboost.netdna-ssl.com/wp-content/uploads/2016/07/PokeBall.png
962,Pokemon160,https://pro-rankedboost.netdna-ssl.com/wp-content/uploads/2016/07/PokeBall.png
963,Pokemon161,https://pro-rankedboost.netdna-ssl.com/wp-content/uploads/2016/07/PokeBall.png
964,Pokemon162,https://pro-rankedboost.netdna-ssl.com/wp-content/uploads/2016/07/PokeBall.png
965,Pokemon163,https://pro-rankedboost.netdna-ssl.com/wp-content/uploads/2016/07/PokeBall.png
966,Pokemon164,https://pro-rankedboost.netdna-ssl.com/wp-content/uploads/2016/07/PokeBall.png
967,Pokemon165,https://pro-rankedboost.netdna-ssl.com/wp-content/uploads/2016/07/PokeBall.png
968,Pokemon166,https://pro-rankedboost.netdna-ssl.com/wp-content/uploads/2016/07/PokeBall.png
969,Pokemon167,https://pro-rankedboost.netdna-ssl.com/wp-content/uploads/2016/07/PokeBall.png
970,Pokemon168,https://pro-rankedboost.netdna-ssl.com/wp-content/uploads/2016/07/PokeBall.png
971,Pokemon169,https://pro-rankedboost.netdna-ssl.com/wp-content/uploads/2016/07/PokeBall.png
972,Pokemon170,https://pro-rankedboost.netdna-ssl.com/wp-content/uploads/2016/07/PokeBall.png
973,Pokemon171,https://pro-rankedboost.netdna-ssl.com/wp-content/uploads/2016/07/PokeBall.png
974,Pokemon172,https://pro-rankedboost.netdna-ssl.com/wp-content/uploads/2016/07/PokeBall.png
975,Pokemon173,https://pro-rankedboost.netdna-ssl.com/wp-content/uploads/2016/07/PokeBall.png
976,Pokemon174,https://pro-rankedboost.netdna-ssl.com/wp-content/uploads/2016/07/PokeBall.png
977,Pokemon175,https://pro-rankedboost.netdna-ssl.com/wp-content/uploads/2016/07/PokeBall.png
978,Pokemon176,https://pro-rankedboost.netdna-ssl.com/wp-content/uploads/2016/07/PokeBall.png
979,Pokemon177,https://pro-rankedboost.netdna-ssl.com/wp-content/uploads/2016/07/PokeBall.png
980,Pokemon178,https://pro-rankedboost.netdna-ssl.com/wp-content/uploads/2016/07/PokeBall.png
981,Pokemon179,https://pro-rankedboost.netdna-ssl.com/wp-content/uploads/2016/07/PokeBall.png
982,Pokemon180,https://pro-rankedboost.netdna-ssl.com/wp-content/uploads/2016/07/PokeBall.png
983,Pokemon181,https://pro-rankedboost.netdna-ssl.com/wp-content/uploads/2016/07/PokeBall.png
984,Pokemon182,https://pro-rankedboost.netdna-ssl.com/wp-content/uploads/2016/07/PokeBall.png
985,Pokemon183,https://pro-rankedboost.netdna-ssl.com/wp-content/uploads/2016/07/PokeBall.png
986,Pokemon184,https://pro-rankedboost.netdna-ssl.com/wp-content/uploads/2016/07/PokeBall.png
987,Pokemon185,https://pro-rankedboost.netdna-ssl.com/wp-content/uploads/2016/07/PokeBall.png
988,Pokemon186,https://pro-rankedboost.netdna-ssl.com/wp-content/uploads/2016/07/PokeBall.png
989,Pokemon187,https://pro-rankedboost.netdna-ssl.com/wp-content/uploads/2016/07/PokeBall.png
990,Pokemon188,https://pro-rankedboost.netdna-ssl.com/wp-content/uploads/2016/07/PokeBall.png
991,Pokemon189,https://pro-rankedboost.netdna-ssl.com/wp-content/uploads/2016/07/PokeBall.png
992,Pokemon190,https://pro-rankedboost.netdna-ssl.com/wp-content/uploads/2016/07/PokeBall.png
993,Pokemon191,https://pro-rankedboost.netdna-ssl.com/wp-content/uploads/2016/07/PokeBall.png
994,Pokemon192,https://pro-rankedboost.netdna-ssl.com/wp-content/uploads/2016/07/PokeBall.png
995,Pokemon193,https://pro-rankedboost.netdna-ssl.com/wp-content/uploads/2016/07/PokeBall.png
996,Pokemon194,https://pro-rankedboost.netdna-ssl.com/wp-content/uploads/2016/07/PokeBall.png
997,Pokemon195,https://pro-rankedboost.netdna-ssl.com/wp-content/uploads/2016/07/PokeBall.png
998,Pokemon196,https://pro-rankedboost.netdna-ssl.com/wp-content/uploads/2016/07/PokeBall.png
999,Pokemon197,https://pro-rankedboost.netdna-ssl.com/wp-content/uploads/2016/07/PokeBall.png
1000,Pokemon198,https://pro-rankedboost.netdna-ssl.com/wp-content/uploads/2016/07/PokeBall.png
1001,Pokemon199,https://pro-rankedboost.netdna-ssl.com/wp-content/uploads/2016/07/PokeBall.png
1002,Pokemon200,https://pro-rankedboost.netdna-ssl.com/wp-content/uploads/2016/07/PokeBall.png
1003,Pokemon201,https://pro-rankedboost.netdna-ssl.com/wp-content/uploads/2016/07/PokeBall.png
1004,Pokemon202,https://pro-rankedboost.netdna-ssl.com/wp-content/uploads/2016/07/PokeBall.png
1005,Pokemon203,https://pro-rankedboost.netdna-ssl.com/wp-content/uploads/2016/07/PokeBall.png
1006,Pokemon204,https://pro-rankedboost.netdna-ssl.com/wp-content/uploads/2016/07/PokeBall.png
1007,Pokemon205,https://pro-rankedboost.netdna-ssl.com/wp-content/uploads/2016/07/PokeBall.png
1008,Pokemon206,https://pro-rankedboost.netdna-ssl.com/wp-content/uploads/2016/07/PokeBall.png
1009,Pokemon207,https://pro-rankedboost.netdna-ssl.com/wp-content/uploads/2016/07/PokeBall.png
1010,Pokemon208,https://pro-rankedboost.netdna-ssl.com/wp-content/uploads/2016/07/PokeBall.png
1011,Pokemon209,https://pro-rankedboost.netdna-ssl.com/wp-content/uploads/2016/07/PokeBall.png
1012,Pokemon210,https://pro-rankedboost.netdna-ssl.com/wp-content/uploads/2016/07/PokeBall.png
1013,Pokemon211,https://pro-rankedboost.netdna-ssl.com/wp-content/uploads/2016/07/PokeBall.png
1014,Pokemon212,https://pro-rankedboost.netdna-ssl.com/wp-content/uploads/2016/07/PokeBall.png
1015,Pokemon213,https://pro-rankedboost.netdna-ssl.com/wp-content/uploads/2016/07/PokeBall.png
1016,Pokemon214,https://pro-rankedboost.netdna-ssl.com/wp-content/uploads/2016/07/PokeBall.png
1017,Pokemon215,https://pro-rankedboost.netdna-ssl.com/wp-content/uploads/2016/07/PokeBall.png
1018,Pokemon216,https://pro-rankedboost.netdna-ssl.com/wp-content/uploads/2016/07/PokeBall.png
1019,Pokemon217,https://pro-rankedboost.netdna-ssl.com/wp-content/uploads/2016/07/PokeBall.png